{
  "anchors": [
    3.59,
    3.16,
    1.5,
    0.73,
    4.69,
    5.25,
    6.28,
    3.44,
    1.97,
    1.66
  ],
  "inputs": {
    "input0": [
      224,
      224,
      3
    ]
  },
  "outputs": {
    "output0": [
      7,
      7,
      30
    ]
  },
  "params_quantity": 1856046,
  "loss": [
    [
      1,
      1.12949
    ],
    [
      2,
      1.31346
    ],
    [
      3,
      1.10662
    ],
    [
      4,
      0.96426
    ],
    [
      5,
      0.86597
    ],
    [
      6,
      0.98626
    ],
    [
      7,
      0.80021
    ],
    [
      8,
      0.33872
    ],
    [
      9,
      0.20844
    ],
    [
      10,
      0.16948
    ],
    [
      11,
      0.09845
    ],
    [
      12,
      0.0775
    ],
    [
      13,
      0.07765
    ],
    [
      14,
      0.06301
    ],
    [
      15,
      0.06364
    ],
    [
      16,
      0.05724
    ],
    [
      17,
      0.05367
    ],
    [
      18,
      0.04779
    ],
    [
      19,
      0.03792
    ],
    [
      20,
      0.03185
    ],
    [
      21,
      0.02538
    ],
    [
      22,
      0.03417
    ],
    [
      23,
      0.02677
    ],
    [
      24,
      0.03113
    ],
    [
      25,
      0.02788
    ],
    [
      26,
      0.02169
    ],
    [
      27,
      0.02321
    ],
    [
      28,
      0.02363
    ],
    [
      29,
      0.01927
    ],
    [
      30,
      0.01652
    ],
    [
      31,
      0.01886
    ],
    [
      32,
      0.01815
    ],
    [
      33,
      0.01592
    ],
    [
      34,
      0.01557
    ],
    [
      35,
      0.01347
    ],
    [
      36,
      0.01407
    ],
    [
      37,
      0.01213
    ],
    [
      38,
      0.0137
    ],
    [
      39,
      0.01218
    ],
    [
      40,
      0.01169
    ],
    [
      41,
      0.01062
    ],
    [
      42,
      0.01192
    ],
    [
      43,
      0.01151
    ],
    [
      44,
      0.00986
    ],
    [
      45,
      0.01133
    ],
    [
      46,
      0.01498
    ],
    [
      47,
      0.01087
    ],
    [
      48,
      0.00956
    ],
    [
      49,
      0.0097
    ],
    [
      50,
      0.00879
    ],
    [
      51,
      0.01102
    ],
    [
      52,
      0.00914
    ],
    [
      53,
      0.00872
    ],
    [
      54,
      0.00857
    ],
    [
      55,
      0.00828
    ],
    [
      56,
      0.0094
    ],
    [
      57,
      0.00794
    ],
    [
      58,
      0.00822
    ],
    [
      59,
      0.00781
    ],
    [
      60,
      0.00774
    ],
    [
      61,
      0.00806
    ],
    [
      62,
      0.00736
    ],
    [
      63,
      0.00773
    ],
    [
      64,
      0.00746
    ],
    [
      65,
      0.0078
    ],
    [
      66,
      0.00725
    ],
    [
      67,
      0.00729
    ],
    [
      68,
      0.00738
    ],
    [
      69,
      0.0073
    ],
    [
      70,
      0.00737
    ],
    [
      71,
      0.00792
    ],
    [
      72,
      0.0069
    ],
    [
      73,
      0.00667
    ],
    [
      74,
      0.00815
    ],
    [
      75,
      0.0071
    ],
    [
      76,
      0.0068
    ],
    [
      77,
      0.00769
    ],
    [
      78,
      0.00667
    ],
    [
      79,
      0.00671
    ],
    [
      80,
      0.00686
    ],
    [
      81,
      0.00731
    ],
    [
      82,
      0.00651
    ],
    [
      83,
      0.00718
    ],
    [
      84,
      0.00646
    ],
    [
      85,
      0.00659
    ],
    [
      86,
      0.00655
    ],
    [
      87,
      0.00611
    ],
    [
      88,
      0.00606
    ],
    [
      89,
      0.0063
    ],
    [
      90,
      0.00665
    ],
    [
      91,
      0.00644
    ],
    [
      92,
      0.00789
    ],
    [
      93,
      0.00602
    ],
    [
      94,
      0.00593
    ],
    [
      95,
      0.0061
    ],
    [
      96,
      0.00625
    ],
    [
      97,
      0.00634
    ],
    [
      98,
      0.00581
    ],
    [
      99,
      0.00595
    ],
    [
      100,
      0.00607
    ]
  ],
  "acc": [
    [
      1,
      0.13854
    ],
    [
      2,
      0.10094
    ],
    [
      3,
      0.17473
    ],
    [
      4,
      0.13462
    ],
    [
      5,
      0.13171
    ],
    [
      6,
      0.22904
    ],
    [
      7,
      0.32692
    ],
    [
      8,
      0.31813
    ],
    [
      9,
      0.29309
    ],
    [
      10,
      0.27951
    ],
    [
      11,
      0.27394
    ],
    [
      12,
      0.269
    ],
    [
      13,
      0.26224
    ],
    [
      14,
      0.26068
    ],
    [
      15,
      0.26099
    ],
    [
      16,
      0.26036
    ],
    [
      17,
      0.2668
    ],
    [
      18,
      0.27755
    ],
    [
      19,
      0.27551
    ],
    [
      20,
      0.28407
    ],
    [
      21,
      0.28752
    ],
    [
      22,
      0.28815
    ],
    [
      23,
      0.28791
    ],
    [
      24,
      0.28948
    ],
    [
      25,
      0.29341
    ],
    [
      26,
      0.29741
    ],
    [
      27,
      0.29819
    ],
    [
      28,
      0.30039
    ],
    [
      29,
      0.2978
    ],
    [
      30,
      0.30047
    ],
    [
      31,
      0.29608
    ],
    [
      32,
      0.29066
    ],
    [
      33,
      0.29286
    ],
    [
      34,
      0.29254
    ],
    [
      35,
      0.29349
    ],
    [
      36,
      0.29678
    ],
    [
      37,
      0.29451
    ],
    [
      38,
      0.2938
    ],
    [
      39,
      0.29686
    ],
    [
      40,
      0.30047
    ],
    [
      41,
      0.30126
    ],
    [
      42,
      0.29882
    ],
    [
      43,
      0.30212
    ],
    [
      44,
      0.30024
    ],
    [
      45,
      0.29741
    ],
    [
      46,
      0.30141
    ],
    [
      47,
      0.29961
    ],
    [
      48,
      0.30016
    ],
    [
      49,
      0.29945
    ],
    [
      50,
      0.29976
    ],
    [
      51,
      0.2949
    ],
    [
      52,
      0.2956
    ],
    [
      53,
      0.29427
    ],
    [
      54,
      0.29882
    ],
    [
      55,
      0.29851
    ],
    [
      56,
      0.29796
    ],
    [
      57,
      0.29623
    ],
    [
      58,
      0.29364
    ],
    [
      59,
      0.29851
    ],
    [
      60,
      0.29396
    ],
    [
      61,
      0.29207
    ],
    [
      62,
      0.29309
    ],
    [
      63,
      0.29553
    ],
    [
      64,
      0.29553
    ],
    [
      65,
      0.29474
    ],
    [
      66,
      0.2967
    ],
    [
      67,
      0.29796
    ],
    [
      68,
      0.29443
    ],
    [
      69,
      0.30039
    ],
    [
      70,
      0.2949
    ],
    [
      71,
      0.29749
    ],
    [
      72,
      0.29851
    ],
    [
      73,
      0.29788
    ],
    [
      74,
      0.29717
    ],
    [
      75,
      0.29482
    ],
    [
      76,
      0.2956
    ],
    [
      77,
      0.29608
    ],
    [
      78,
      0.29984
    ],
    [
      79,
      0.30008
    ],
    [
      80,
      0.29984
    ],
    [
      81,
      0.2967
    ],
    [
      82,
      0.29859
    ],
    [
      83,
      0.29529
    ],
    [
      84,
      0.29851
    ],
    [
      85,
      0.29513
    ],
    [
      86,
      0.29584
    ],
    [
      87,
      0.29788
    ],
    [
      88,
      0.29427
    ],
    [
      89,
      0.29749
    ],
    [
      90,
      0.29662
    ],
    [
      91,
      0.29623
    ],
    [
      92,
      0.29647
    ],
    [
      93,
      0.29843
    ],
    [
      94,
      0.29953
    ],
    [
      95,
      0.29725
    ],
    [
      96,
      0.29655
    ],
    [
      97,
      0.29937
    ],
    [
      98,
      0.29419
    ],
    [
      99,
      0.29725
    ],
    [
      100,
      0.29608
    ]
  ],